{"cameraMode":{"drawMode":0,"name":"Shaded","section":"Shading Mode"},"sceneLighting":true,"audioPlay":false,"sceneViewState":{"showFog":true,"showMaterialUpdate":true,"showSkybox":true,"showFlares":true,"showImageEffects":true,"showParticleSystems":true},"in2DMode":false,"pivot":{"x":-2.6956636905670168,"y":-0.6322171092033386,"z":-0.8762773275375366},"rotation":{"x":0.11586114764213562,"y":-0.8658447861671448,"z":0.23578162491321565,"w":0.4259571433067322},"size":3.1265857219696047,"orthographic":false}